{
  "mode": "publication_cv",
  "n_folds": 5,
  "cv_seed": 42,
  "default_semantic_threshold": 0.65,
  "default_noise_floor": 0.55,
  "calibrated_semantic_threshold": 0.55,
  "calibrated_noise_floor": 0.6,
  "run_sensitivity": true,
  "include_label_text": true,
  "cv_summary": {
    "n_folds": 5,
    "cv_seed": 42,
    "precision_mean": 0.5114000000000001,
    "precision_std": 0.026034592372457074,
    "recall_mean": 0.982,
    "recall_std": 0.006442049363362568,
    "f1_mean": 0.6726000000000001,
    "f1_std": 0.023744473041110006,
    "specificity_mean": 0.7742000000000001,
    "specificity_std": 0.012070625501605137,
    "dev_f1_mean": 0.673,
    "dev_f1_std": 0.005873670062235371,
    "gap_f1_mean": 0.00040000000000002257,
    "gap_f1_std": 0.0296108088373148,
    "gap_specificity_mean": 0.00020000000000000017,
    "gap_specificity_std": 0.01485597522884312,
    "semantic_threshold_mode": 0.55,
    "noise_floor_mode": 0.6
  },
  "total_students": 300,
  "assignments": [
    "a1",
    "a2",
    "a3"
  ],
  "n_figures": 6
}