{
  "tp": 5891,
  "fp": 5616,
  "fn": 107,
  "precision": 0.512,
  "recall": 0.982,
  "f1": 0.673,
  "cv_precision_mean": 0.5114000000000001,
  "cv_precision_std": 0.026034592372457074,
  "cv_recall_mean": 0.982,
  "cv_recall_std": 0.006442049363362568,
  "cv_f1_mean": 0.6726000000000001,
  "cv_f1_std": 0.023744473041110006
}