{
  "n_folds": 5,
  "cv_seed": 42,
  "stratification": "category",
  "fold_results": [
    {
      "fold": 1,
      "dev_files": 957,
      "test_files": 243,
      "semantic_threshold": 0.55,
      "noise_floor": 0.6,
      "dev_precision": 0.572,
      "dev_recall": 0.874,
      "dev_f1": 0.691,
      "dev_specificity": 0.851,
      "dev_tp": 4148,
      "dev_fp": 3102,
      "dev_fn": 600,
      "dev_tn": 15118,
      "dev_fp_clean": 2642,
      "test_precision": 0.597,
      "test_recall": 0.869,
      "test_f1": 0.707,
      "test_specificity": 0.837,
      "test_tp": 1157,
      "test_fp": 782,
      "test_fn": 175,
      "test_tn": 3718,
      "test_fp_clean": 722,
      "gap_precision": -0.025000000000000022,
      "gap_recall": 0.0050000000000000044,
      "gap_f1": -0.016000000000000014,
      "gap_specificity": 0.014000000000000012
    },
    {
      "fold": 2,
      "dev_files": 958,
      "test_files": 242,
      "semantic_threshold": 0.55,
      "noise_floor": 0.6,
      "dev_precision": 0.575,
      "dev_recall": 0.867,
      "dev_f1": 0.691,
      "dev_specificity": 0.851,
      "dev_tp": 4167,
      "dev_fp": 3078,
      "dev_fn": 641,
      "dev_tn": 15106,
      "dev_fp_clean": 2654,
      "test_precision": 0.585,
      "test_recall": 0.895,
      "test_f1": 0.708,
      "test_specificity": 0.84,
      "test_tp": 1138,
      "test_fp": 806,
      "test_fn": 134,
      "test_tn": 3730,
      "test_fp_clean": 710,
      "gap_precision": -0.010000000000000009,
      "gap_recall": -0.028000000000000025,
      "gap_f1": -0.017000000000000015,
      "gap_specificity": 0.01100000000000001
    },
    {
      "fold": 3,
      "dev_files": 960,
      "test_files": 240,
      "semantic_threshold": 0.55,
      "noise_floor": 0.6,
      "dev_precision": 0.573,
      "dev_recall": 0.873,
      "dev_f1": 0.692,
      "dev_specificity": 0.845,
      "dev_tp": 4257,
      "dev_fp": 3167,
      "dev_fn": 617,
      "dev_tn": 14999,
      "dev_fp_clean": 2761,
      "test_precision": 0.594,
      "test_recall": 0.869,
      "test_f1": 0.705,
      "test_specificity": 0.864,
      "test_tp": 1048,
      "test_fp": 717,
      "test_fn": 158,
      "test_tn": 3837,
      "test_fp_clean": 603,
      "gap_precision": -0.02100000000000002,
      "gap_recall": 0.0040000000000000036,
      "gap_f1": -0.013000000000000012,
      "gap_specificity": -0.019000000000000017
    },
    {
      "fold": 4,
      "dev_files": 962,
      "test_files": 238,
      "semantic_threshold": 0.55,
      "noise_floor": 0.6,
      "dev_precision": 0.59,
      "dev_recall": 0.877,
      "dev_f1": 0.705,
      "dev_specificity": 0.85,
      "dev_tp": 4353,
      "dev_fp": 3030,
      "dev_fn": 608,
      "dev_tn": 15097,
      "dev_fp_clean": 2663,
      "test_precision": 0.527,
      "test_recall": 0.851,
      "test_f1": 0.651,
      "test_specificity": 0.842,
      "test_tp": 952,
      "test_fp": 854,
      "test_fn": 167,
      "test_tn": 3739,
      "test_fp_clean": 701,
      "gap_precision": 0.06299999999999994,
      "gap_recall": 0.026000000000000023,
      "gap_f1": 0.05399999999999994,
      "gap_specificity": 0.008000000000000007
    },
    {
      "fold": 5,
      "dev_files": 963,
      "test_files": 237,
      "semantic_threshold": 0.55,
      "noise_floor": 0.6,
      "dev_precision": 0.576,
      "dev_recall": 0.871,
      "dev_f1": 0.694,
      "dev_specificity": 0.846,
      "dev_tp": 4295,
      "dev_fp": 3159,
      "dev_fn": 634,
      "dev_tn": 15024,
      "dev_fp_clean": 2736,
      "test_precision": 0.582,
      "test_recall": 0.877,
      "test_f1": 0.7,
      "test_specificity": 0.859,
      "test_tp": 1010,
      "test_fp": 725,
      "test_fn": 141,
      "test_tn": 3812,
      "test_fp_clean": 628,
      "gap_precision": -0.006000000000000005,
      "gap_recall": -0.006000000000000005,
      "gap_f1": -0.006000000000000005,
      "gap_specificity": -0.013000000000000012
    }
  ],
  "cv_summary": {
    "n_folds": 5,
    "cv_seed": 42,
    "precision_mean": 0.577,
    "precision_std": 0.02862691041659925,
    "recall_mean": 0.8722,
    "recall_std": 0.015912259424732882,
    "f1_mean": 0.6942,
    "f1_std": 0.0243454307827978,
    "specificity_mean": 0.8484,
    "specificity_std": 0.012218837915284752,
    "dev_f1_mean": 0.6946,
    "dev_f1_std": 0.005941380311005185,
    "gap_f1_mean": 0.00039999999999997817,
    "gap_f1_std": 0.03027044763461549,
    "gap_specificity_mean": 0.00020000000000000017,
    "gap_specificity_std": 0.015089731607951164,
    "semantic_threshold_mode": 0.55,
    "noise_floor_mode": 0.6
  }
}