{
  "tp": 5305,
  "fp": 3884,
  "fn": 775,
  "tn": 18836,
  "fp_clean": 3364,
  "precision": 0.577,
  "recall": 0.873,
  "f1": 0.695,
  "specificity": 0.848,
  "cv_precision_mean": 0.577,
  "cv_precision_std": 0.02862691041659925,
  "cv_recall_mean": 0.8722,
  "cv_recall_std": 0.015912259424732882,
  "cv_f1_mean": 0.6942,
  "cv_f1_std": 0.0243454307827978,
  "cv_specificity_mean": 0.8484,
  "cv_specificity_std": 0.012218837915284752
}